first_name 1,last_name 1,age 1,gender 1,first_name 2,last_name 2,age 2,gender 2,first_name 3,last_name 3,age 3,gender 3,first_name 4,last_name 4,age 4,gender 4,first_name 5,last_name 5,age 5,gender 5,first_name 6,last_name 6,age 6,gender 6
Arijit,Singh,40,male,Shreya,Ghoshal,40,female,Sonu,Nigam,55,male,Lata,Mangeshkar,70,female
John,Doe,25,male
Alice,Smith,30,female,Bob,Johnson,35,male
Emma,Brown,28,female
Daniel,Williams,40,male,Grace,Miller,62,female
Ryan,Davis,32,male,Sophia,Wilson,29,female,Michael,Jones,45,male
Mukesh,Ambani,65,male
Ethan,Martinez,38,male,Ava,Lee,26,female,William,Taylor,33,male
Mia,Johnson,31,female,James,Clark,29,male,Noah,Ramirez,41,male,Liam,Perez,67,male
Emily,Anderson,23,female,Abigail,Hill,28,female,Isabella,Baker,30,female,Logan,Garcia,64,male,Olivia,Moore,27,female
